scientificName,CommonName,FullName,AbbreviatedName,FullNameAbbreviated
Caliraja rhina,Longnose skate,Longnose skate (Caliraja rhina),C. raja,Longnose skate (C. rhina)
Anas platyrhynchos,Wild duck,Wild duck (Anas platyrhynchos),A. platyrhynchos,Wild duck (A. platyrhynchos)
Branta canadensis,Canada goose,Canada goose (Branta canadensis),B. canadensis,Canada goose (B. canadensis)
Anser caerulescens,Snow goose,Snow goose (Anser caerulescens),A. caerulescens,Snow goose (A. caerulescens)
Melanitta perspicillata,Surf scoter,Surf scoter (Melanitta perspicillata),M. perspicillata,Surf scoter (M. perspicillata)
Bucephala islandica,Barrow's goldeneye,Barrow's goldeneye (Bucephala islandica),B. islandica,Barrow's goldeneye (B. islandica)
Bucephala clangula,Common goldeneye,Common goldeneye (Bucephala clangula),B. clangula,Common goldeneye (B. clangula)
Bucephala albeola,Bufflehead ,Bufflehead  (Bucephala albeola),B. albeola,Bufflehead  (B. albeola)
Anas acuta,Northern pintail,Northern pintail (Anas acuta),A. acuta,Northern pintail (A. acuta)
Clangula hyemalis,Long-tailed duck,Long-tailed duck (Clangula hyemalis),C. hyemalis,Long-tailed duck (C. hyemalis)
Phoca vitulina,Harbor seal,Harbor seal (Phoca vitulina),P. vitulina,Harbor seal (P. vitulina)
Phocoena phocoena,Harbour porpoise,Harbour porpoise (Phocoena phocoena),P. phocoena,Harbour porpoise (P. phocoena)
Delphinus delphis,Common doplhin,Common doplhin (Delphinus delphis),D. delphis,Common doplhin (D. delphis)
Larus argentatus,European herring gull,European herring gull (Larus argentatus),L. argentatus,European herring gull (L. argentatus)
Megaptera novaeangliae,Humpback whale,Humpback whale (Megaptera novaeangliae),M. novaeangliae,Humpback whale (M. novaeangliae)
Acipenser transmontanus,White sturgeon,White sturgeon (Acipenser transmontanus),A. transmontanus,White sturgeon (A. transmontanus)
Agonopsis vulsa,Northern spearnose poacher,Northern spearnose poacher (Agonopsis vulsa),A. vulsa,Northern spearnose poacher (A. vulsa)
Alectrias alectrolophus,Stone cockscomb,Stone cockscomb (Alectrias alectrolophus),A. alectrolophus,Stone cockscomb (A. alectrolophus)
Allosmerus elongatus,Whitebait smelt,Whitebait smelt (Allosmerus elongatus),A. elongatus,Whitebait smelt (A. elongatus)
Alosa sapidissima,American shad,American shad (Alosa sapidissima),A. sapidissima,American shad (A. sapidissima)
Ammodytes personatus,Pacific sandlance,Pacific sandlance (Ammodytes personatus),A. personatus,Pacific sandlance (A. personatus)
Ammodytes hexapterus,Pacific sandlance,Pacific sandlance (Ammodytes hexapterus),A. hexapterus,Pacific sandlance (A. hexapterus)
Amphistichus rhodoterus,Redtail surfperch,Redtail surfperch (Amphistichus rhodoterus),A. rhodoterus,Redtail surfperch (A. rhodoterus)
Anarrhichthys ocellatus,Wolf eel,Wolf eel (Anarrhichthys ocellatus),A. ocellatus,Wolf eel (A. ocellatus)
Anisarchus medius,Stout eelblenny,Stout eelblenny (Anisarchus medius),A. medius,Stout eelblenny (A. medius)
Anoplagonus inermis,Smooth alligatorfish,Smooth alligatorfish (Anoplagonus inermis),A. inermis,Smooth alligatorfish (A. inermis)
Anoplarchus purpurescens,High cockscomb,High cockscomb (Anoplarchus purpurescens),A. purpurescens,High cockscomb (A. purpurescens)
Anoplopoma fimbria,Sablefish,Sablefish (Anoplopoma fimbria),A. fimbria,Sablefish (A. fimbria)
Apodichthys flavidus,Penpoint gunnel,Penpoint gunnel (Apodichthys flavidus),A. flavidus,Penpoint gunnel (A. flavidus)
Apodichthys fucorum,Rockweed gunnel,Rockweed gunnel (Apodichthys fucorum),A. fucorum,Rockweed gunnel (A. fucorum)
Artedius fenestralis,Padded sculpin,Padded sculpin (Artedius fenestralis),A. fenestralis,Padded sculpin (A. fenestralis)
Artedius harringtoni,Scalyhead sculpin,Scalyhead sculpin (Artedius harringtoni),A. harringtoni,Scalyhead sculpin (A. harringtoni)
Artedius lateralis,Smoothhead sculpin,Smoothhead sculpin (Artedius lateralis),A. lateralis,Smoothhead sculpin (A. lateralis)
Ascelichthys rhodorus,Rosylip sculpin,Rosylip sculpin (Ascelichthys rhodorus),A. rhodorus,Rosylip sculpin (A. rhodorus)
Atheresthes evermanni,Kamchatka flounder,Kamchatka flounder (Atheresthes evermanni),A. evermanni,Kamchatka flounder (A. evermanni)
Aulorhynchus flavidus,Tube-snout,Tube-snout (Aulorhynchus flavidus),A. flavidus,Tube-snout (A. flavidus)
Bathyagonus infraspinatus,Spinycheek starsnout,Spinycheek starsnout (Bathyagonus infraspinatus),B. infraspinatus,Spinycheek starsnout (B. infraspinatus)
Bathyagonus nigripinnis,Blackfin poacher,Blackfin poacher (Bathyagonus nigripinnis),B. nigripinnis,Blackfin poacher (B. nigripinnis)
Bathylagus pacificus,Slender blacksmelt,Slender blacksmelt (Bathylagus pacificus),B. pacificus,Slender blacksmelt (B. pacificus)
Blepsias cirrhosus,Silverspotted sculpin,Silverspotted sculpin (Blepsias cirrhosus),B. cirrhosus,Silverspotted sculpin (B. cirrhosus)
Boreogadus saida,Polar cod,Polar cod (Boreogadus saida),B. saida,Polar cod (B. saida)
Brachyistius frenatus,Kelp perch,Kelp perch (Brachyistius frenatus),B. frenatus,Kelp perch (B. frenatus)
Brosmophycis marginata,Red brotula,Red brotula (Brosmophycis marginata),B. marginata,Red brotula (B. marginata)
Bryozoichthys lysimus,Nutcracker prickleback,Nutcracker prickleback (Bryozoichthys lysimus),B. lysimus,Nutcracker prickleback (B. lysimus)
Catostomus catostomus,Longnose sucker,Catostomus catostomus (Longnose sucker),C. catostomus,Longnose sucker (C. catostomus)
Catostomus macrocheilus,Largescale sucker,Largescale sucker (Catostomus macrocheilus),C. macrocheilus,Largescale sucker (C. macrocheilus)
Chirolophis nugator,Mosshead warbonnet,Mosshead warbonnet (Chirolophis¬nugator),C. nugator,Mosshead warbonnet (C. nugator)
Chitonotus pugetensis,Roughback sculpin,Roughback sculpin (Chitonotus pugetensis),C. pugetensis,Roughback sculpin (C. pugetensis)
Citharichthys sordidus,Pacific sanddab,Pacific sanddab (Citharichthys sordidus),C. sordidus,Pacific sanddab (C. sordidus)
Citharichthys stigmaeus,Speckled sanddab,Speckled sanddab (Citharichthys stigmaeus),C. stigmaeus,Speckled sanddab (C. stigmaeus)
Clevelandia ios,Arrow goby,Arrow goby (Clevelandia ios),C. ios,Arrow goby (C. ios)
Clinocottus acuticeps,Sharpnose sculpin,Sharpnose sculpin (Clinocottus acuticeps),C. acuticeps,Sharpnose sculpin (C. acuticeps)
Clinocottus globiceps,Mosshead sculpin,Mosshead sculpin (Clinocottus globiceps),C. globiceps,Mosshead sculpin (C. globiceps)
Clupea pallasii,Pacific herring,Pacific herring (Clupea pallasii),C. pallasii,Pacific herring (C. pallasii)
Cololabis saira,Pacific saury,Pacific saury (Cololabis saira),C. saira,Pacific saury (C. saira)
Coryphaenoides acrolepis,Pacific grenadier,Pacific grenadier (Coryphaenoides acrolepis),C. acrolepis,Pacific grenadier (C. acrolepis)
Cottus asper,Prickly sculpin,Prickly sculpin (Cottus asper),C. asper,Prickly sculpin (C. asper)
Cottus aleuticus,Coastrange sculpin,Coastrange sculpin (Cottus aleuticus),C. aleuticus,Coastrange sculpin (C. aleuticus)
Cottus cognatus,Slimy sculpin,Slimy sculpin (Cottus cognatus),C. cognatus,Slimy sculpin (C. cognatus)
Cryptacanthodes giganteus,Giant wrymouth,Giant wrymouth (Cryptacanthodes giganteus),C. giganteus,Giant wrymouth (C. giganteus)
Cyclothone acclinidens,Benttooth bristlemouth,Benttooth bristlemouth (Cyclothone acclinidens),C. acclinidens,Benttooth bristlemouth (C. acclinidens)
Cyclothone atraria,Deep-water bristlemouth,Deep-water bristlemouth (Cyclothone atraria),C. atraria,Deep-water bristlemouth (C. atraria)
Cymatogaster aggregata,Shiner perch,Shiner perch (Cymatogaster aggregata),C. aggregata,Shiner perch (C. aggregata)
Cyprinus carpio,Common carp,Common carp (Cyprinus carpio),C. carpio,Common carp (C. carpio)
Diaphus theta,California headlightfish,California headlightfish (Diaphus theta),D. theta,California headlightfish (D. theta)
Embiotoca lateralis,Striped seaperch,Striped seaperch (Embiotoca lateralis),E. lateralis,Striped seaperch (E. lateralis)
Engraulis mordax,Northern anchovy,Northern anchovy (Engraulis mordax),E. mordax,Northern anchovy (E. mordax)
Enophrys bison,Buffalo sculpin,Buffalo sculpin (Enophrys bison),E. bison,Buffalo sculpin (E. bison)
Entosphenus tridentatus,Pacific lamprey,Pacific lamprey (Entosphenus tridentatus),E. tridentatus,Pacific lamprey (E. tridentatus)
Eopsetta jordani,Petrale sole,Petrale sole (Eopsetta jordani),E. jordani,Petrale sole (E. jordani)
Eumicrotremus orbis,Pacific spiny lumpsucker,Pacific spiny lumpsucker (Eumicrotremus orbis),E. orbis,Pacific spiny lumpsucker (E. orbis)
Eumesogrammus praecisus,Fourline snakeblenny,Fourline snakeblenny (Eumesogrammus praecisus),E. praecisus,Fourline snakeblenny (E. praecisus)
Gadus chalcogrammus,Alaska pollock,Alaska pollock (Gadus chalcogrammus),G. chalcogrammus,Alaska pollock (G. chalcogrammus)
Gadus macrocephalus,Pacific cod,Pacific cod (Gadus macrocephalus),G. macrocephalus,Pacific cod (G. macrocephalus)
Gasterosteus aculeatus,Three-spined stickleback,Three-spined stickleback (Gasterosteus aculeatus),G. aculeatus,Three-spined stickleback (G. aculeatus)
Gibbonsia montereyensis,Crevice kelpfish,Crevice kelpfish (Gibbonsia montereyensis),G. montereyensis,Crevice kelpfish (G. montereyensis)
Glyptocephalus zachirus,Rex sole,Rex sole (Glyptocephalus zachirus),G. zachirus,Rex sole (G. zachirus)
Gobiesox maeandricus,Northern clingfish,Northern clingfish (Gobiesox maeandricus),G. maeandricus,Northern clingfish (G. maeandricus)
Gymnocanthus tricuspis,Arctic staghorn sculpin,Arctic staghorn sculpin (Gymnocanthus tricuspis),G. tricuspis,Arctic staghorn sculpin (G. tricuspis)
Hemilepidotus hemilepidotus,Red Irish lord,Red Irish lord (Hemilepidotus hemilepidotus),H. hemilepidotus,Red Irish lord (H. hemilepidotus)
Hemilepidotus spinosus,Brown Irish lord,Brown Irish lord (Hemilepidotus spinosus),H. spinosus,Brown Irish lord (H. spinosus)
Hemitripterus bolini,Bigmouth sculpin,Bigmouth sculpin (Hemitripterus bolini),H. bolini,Bigmouth sculpin (H. bolini)
Hexagrammos lagocephalus,Rock greenling,Rock greenling (Hexagrammos lagocephalus),H. lagocephalus,Rock greenling (H. lagocephalus)
Hexagrammos decagrammus,Kelp greenling,Kelp greenling (Hexagrammos decagrammus),H. decagrammus,Kelp greenling (H. decagrammus)
Hexanchus griseus,Bluntnose sixgill shark,Bluntnose sixgill shark (Hexanchus griseus),H. griseus,Bluntnose sixgill shark (H. griseus)
Hippoglossoides robustus,Bering flounder,Bering flounder (Hippoglossoides robustus),H. robustus,Bering flounder (H. robustus)
Hippoglossus stenolepis,Pacific halibut,Pacific halibut (Hippoglossus stenolepis),H. stenolepis,Pacific halibut (H. stenolepis)
Hydrolagus colliei,Spotted ratfish,Spotted ratfish (Hydrolagus colliei),H. colliei,Spotted ratfish (H. colliei)
Hypomesus pretiosus,Surf smelt,Surf smelt (Hypomesus pretiosus),H. pretiosus,Surf smelt (H. pretiosus)
Hypsagonus quadricornis,Fourhorn poacher,Fourhorn poacher (Hypsagonus quadricornis),H. quadricornis,Fourhorn poacher (H. quadricornis)
Icelinus borealis,Northern sculpin,Northern sculpin (Icelinus borealis),I. borealis,Northern sculpin (I. borealis)
Icelinus burchami,Dusky sculpin,Dusky sculpin (Icelinus burchami),I. burchami,Dusky sculpin (I. burchami)
Icelinus filamentosus,Threadfin sculpin,Threadfin sculpin (Icelinus filamentosus),I. filamentosus,Threadfin sculpin (I. filamentosus)
Icichthys lockingtoni,Medusafish,Medusafish (Icichthys lockingtoni),I. lockingtoni,Medusafish (I. lockingtoni)
Icosteus aenigmaticus,Ragfish,Ragfish (Icosteus aenigmaticus),I. aenigmaticus,Ragfish (I. aenigmaticus)
Isopsetta isolepis,Butter sole,Butter sole (Isopsetta isolepis),I. isolepis,Butter sole (I. isolepis)
Jordania zonope,Longfin sculpin,Longfin sculpin (Jordania zonope),J. zonope,Longfin sculpin (J. zonope)
Lampetra sp. CBM:ZF:17561,Lamprey,Lamprey (Lampetra sp. CBM:ZF:17561),L. sp.,Lamprey (L. sp.)
Lepidogobius lepidus,Bay goby,Bay goby (Lepidogobius lepidus),L. lepidus,Bay goby (L. lepidus)
Lepidopsetta bilineata,Rock sole,Rock sole (Lepidopsetta bilineata),L. bilineata,Rock sole (L. bilineata)
Lepidopsetta polyxystra,Northern Rock Sole,Northern Rock Sole (Lepidopsetta polyxystra),L. polyxystra,Northern Rock Sole (L. polyxystra)
Lepomis gibbosus,Pumpkinseed,Pumpkinseed (Lepomis gibbosus),L. gibbosus,Pumpkinseed (L. gibbosus)
Leptoclinus maculatus,Daubed shanny,Daubed shanny (Leptoclinus maculatus),L. maculatus,Daubed shanny (L. maculatus)
Leptocottus armatus,Pacific staghorn sculpin,Pacific staghorn sculpin (Leptocottus armatus),L. armatus,Pacific staghorn sculpin (L. armatus)
Leuroglossus schmidti,Northern smoothtongue,Northern smoothtongue (Leuroglossus schmidti),L. schmidti,Northern smoothtongue (L. schmidti)
Liparis cyclopus,Ribbon snailfish,Ribbon snailfish (Liparis cyclopus),L. cyclopus,Ribbon snailfish (L. cyclopus)
Liparis florae,Tidepool snailfish,Tidepool snailfish (Liparis florae),L. florae,Tidepool snailfish (L. florae)
Liparis fucensis,Slipskin snailfish,Slipskin snailfish (Liparis fucensis),L. fucensis,Slipskin snailfish (L. fucensis)
Liparis gibbus,Variegated snailfish,Variegated snailfish (Liparis gibbus),L. gibbus,Variegated snailfish (L. gibbus)
Liparis mucosus,Slimy snailfish,Slimy snailfish (Liparis mucosus),L. mucosus,Slimy snailfish (L. mucosus)
Liparis ochotensis,snailfish,snailfish (Liparis ochotensis),L. ochotensis,snailfish (L. ochotensis)
Liparis pulchellus,Showy snailfish,Showy snailfish (Liparis pulchellus),L. pulchellus,Showy snailfish (L. pulchellus)
Lipolagus ochotensis,Eared blacksmelt,Eared blacksmelt (Lipolagus ochotensis),L. ochotensis,Eared blacksmelt (L. ochotensis)
Lota lota,Burbot,Burbot (Lota lota),L. lota,Burbot (L. lota)
Lumpenus sagitta,Snake prickleback,Snake prickleback (Lumpenus sagitta),L. sagitta,Snake prickleback (L. sagitta)
Lycodapus mandibularis,Pallid eelpout,Pallid eelpout (Lycodapus mandibularis),L. mandibularis,Pallid eelpout (L. mandibularis)
Lycodes reticulatus,Arctic eelpout,Arctic eelpout (Lycodes reticulatus),L. reticulatus,Arctic eelpout (L. reticulatus)
Lycodes cortezianus,Bigfin eelpout,Bigfin eelpout (Lycodes cortezianus),L. cortezianus,Bigfin eelpout (L. cortezianus)
Lycodes pacificus,Blackbelly prickleback,Blackbelly prickleback (Lycodopsis pacificus),L. pacificus,Blackbelly prickleback (L. pacificus)
Lyopsetta exilis,Slender sole,Slender sole (Lyopsetta exilis),L. exilis,Slender sole (L. exilis)
Malacocottus zonurus,Darkfin sculpin,Darkfin sculpin (Malacocottus zonurus),M. zonurus,Darkfin sculpin (M. zonurus)
Mallotus villosus,Capelin,Capelin (Mallotus villosus),M. villosus,Capelin (M. villosus)
Melamphaes lugubris,Highsnout melamphid,Highsnout melamphid (Melamphaes lugubris),M. lugubris,Highsnout melamphid (M. lugubris)
Merluccius productus,Pacific Hake,Pacific Hake (Merluccius productus),M. productus,Pacific Hake (M. productus)
Microgadus proximus,Pacific tomcod,Pacific tomcod (Microgadus proximus),M. proximus,Pacific tomcod (M. proximus)
Micropterus dolomieu,Smallmouth bass,Smallmouth bass (Micropterus dolomieu),M. dolomieu,Smallmouth bass (M. dolomieu)
Microstomus pacificus,Dover sole,Dover sole (Microstomus pacificus),M. pacificus,Dover sole (M. pacificus)
Mylocheilus caurinus,Northwest dace,Northwest dace (Mylocheilus caurinus),M. caurinus,Northwest dace (M. caurinus)
Myoxocephalus jaok,Plain sculpin,Plain sculpin (Myoxocephalus jaok),M. jaok,Plain sculpin (M. jaok)
Myoxocephalus polyacanthocephalus,Great sculpin,Great sculpin (Myoxocephalus polyacanthocephalus),M. polyacanthocephalus,Great sculpin (M. polyacanthocephalus)
Nectoliparis pelagicus,Tadpole snailfish,Tadpole snailfish (Nectoliparis pelagicus),N. pelagicus,Tadpole snailfish (N. pelagicus)
Nautichthys oculofasciatus,Sailfin sculpin,Sailfin sculpin (Nautichthys oculofasciatus),N. oculofasciatus,Sailfin sculpin (N. oculofasciatus)
Odontopyxis trispinosa,Pygmy poacher,Pygmy poacher (Odontopyxis trispinosa),O. trispinosa,Pygmy poacher (O. trispinosa)
Oligocottus maculosus,Tidepool sculpin,Tidepool sculpin (Oligocottus maculosus),O. maculosus,Tidepool sculpin (O. maculosus)
Oncorhynchus clarkii lewisi,Cutthroat trout,Cutthroat trout (Oncorhynchus clarkii lewisi),O. clarkii,Cutthroat trout (O. clarkii)
Oncorhynchus gorbuscha,Pink salmon,Pink salmon (Oncorhynchus gorbuscha),O. gorbuscha,Pink salmon (O. gorbuscha)
Oncorhynchus keta,Chum salmon,Chum salmon (Oncorhynchus keta),O. keta,Chum salmon (O. keta)
Oncorhynchus kisutch,Coho salmon,Coho salmon (Oncorhynchus kisutch),O. kisutch,Coho salmon (O. kisutch)
Oncorhynchus mykiss,Rainbow trout,Rainbow trout (Oncorhynchus mykiss),O. mykiss,Rainbow trout (O. mykiss)
Oncorhynchus nerka,Sockeye salmon,Sockeye salmon (Oncorhynchus nerka),O. nerka,Sockeye salmon (O. nerka)
Oncorhynchus tshawytscha,Chinook salmon,Chinook salmon (Oncorhynchus tshawytscha),O. tshawytscha,Chinook salmon (O. tshawytscha)
Ophiodon elongatus,Lingcod,Lingcod (Ophiodon elongatus),O. elongatus,Lingcod (O. elongatus)
Oreochromis niloticus,Nile tilapoa,Nile tilapoa (Oreochromis niloticus),O. niloticus,Nile tilapoa (O. niloticus)
Osmerus mordax,Rainbow smelt,Rainbow smelt (Osmerus mordax),O. mordax,Rainbow smelt (O. mordax)
Orthonopias triacis,Snubnose sculpin,Snubnose sculpin (Orthonopias triacis),O. triacis,Snubnose sculpin (O. triacis)
Oxylebius pictus,Painted greenling,Painted greenling (Oxylebius pictus),O. pictus,Painted greenling (O. pictus)
Parophrys vetulus,English sole,English sole (Parophrys vetulus),P. vetulus,English sole (P. vetulus)
Pallasina barbata,Tubenose poacher,Tubenose poacher (Pallasina barbata),P. barbata,Tubenose poacher (P. barbata)
Percis japonica,Dragon poacher,Dragon poacher (Percis japonica),P. japonica,Dragon poacher (P. japonica)
Perca flavescens,Yellow perch,Yellow perch (Perca flavescens),P. flavescens,Yellow perch (P. flavescens)
Phanerodon furcatus,White seaperch,White seaperch (Phanerodon furcatus),P. furcatus,White seaperch (P. furcatus)
Pholis clemensi,Longfin gunnel,Longfin gunnel (Pholis clemensi),P. clemensi,Longfin gunnel (P. clemensi)
Pholis laeta,Crescent gunnel,Crescent gunnel (Pholis laeta),P. laeta,Crescent gunnel (P. laeta)
Pholis ornata,Saddleback gunnel,Saddleback gunnel (Pholis ornata),P. ornata,Saddleback gunnel (P. ornata)
Phytichthys chirus,Ribbon prickleback,Ribbon prickleback (Phytichthys chirus),P. chirus,Ribbon prickleback (P. chirus)
Platichthys stellatus,Starry flounder,Starry flounder (Platichthys stellatus),P. stellatus,Starry flounder (P. stellatus)
Pleuronichthys coenosus,C-O sole,C-O sole (Pleuronichthys coenosus),P. coenosus,C-O sole (P. coenosus)
Pleuronectes quadrituberculatus,Alaska plaice,Alaska plaice (Pleuronectes quadrituberculatus),P. quadrituberculatus,Alaska plaice (P. quadrituberculatus)
Podothecus accipenserinus,Sturgeon poacher,Sturgeon poacher (Podothecus accipenserinus),P. accipenserinus,Sturgeon poacher (P. accipenserinus)
Liparis greeni,Lobefin snailfish,Lobefin snailfish (Polypera greeni),L. greeni,Lobefin snailfish (L. greeni)
Poroclinus rothrocki,Whitebarred prickleback,Whitebarred prickleback (Poroclinus rothrocki),P. rothrocki,Whitebarred prickleback (P. rothrocki)
Poromitra curilensis,Ridgehead,Ridgehead (Poromitra curilensis),P. curilensis,Ridgehead (P. curilensis)
Prosopium williamsoni,Mountain whitefish,Mountain whitefish (Prosopium williamsoni),P. williamsoni,Mountain whitefish (P. williamsoni)
Phanerodon vacca,Pile perch,Pile perch (Phanerodon vacca),P. vacca,Pile perch (P. vacca)
Pseudobathylagus milleri,Stout blacksmelt,Stout blacksmelt (Pseudobathylagus milleri),P. milleri,Stout blacksmelt (P. milleri)
Pseudopleuronectes obscurus,Dark flounder,Dark flounder (Pseudopleuronectes obscurus),P. obscurus,Dark flounder (P. obscurus)
Psychrolutes paradoxus,Tadpole sculpin,Tadpole sculpin (Psychrolutes paradoxus),P. paradoxus,Tadpole sculpin (P. paradoxus)
Psychrolutes sigalutes,Soft sculpin,Soft sculpin (Psychrolutes sigalutes),P. sigalutes,Soft sculpin (P. sigalutes)
Ptilichthys goodei,Quillfish,Quillfish (Ptilichthys goodei),P. goodei,Quillfish (P. goodei)
Ptychocheilus oregonensis,Northern pike minnow,Northern pike minnow (Ptychocheilus oregonensis),P. oregonensis,Northern pike minnow (P. oregonensis)
Radulinus asprellus,Slim sculpin,Slim sculpin (Radulinus asprellus),R. asprellus,Slim sculpin (R. asprellus)
Rhacochilus vacca,Pile perch,Pile perch (Rhacochilus vacca),R. vacca,Pile perch (R. vacca)
Rhamphocottus richardsonii,Grunt sculpin,Grunt sculpin (Rhamphocottus richardsonii),R. richardsonii,Grunt sculpin (R. richardsonii)
Reinhardtius hippoglossoides,Greenland halibut,Greenland halibut (Reinhardtius hippoglossoides),R. hippoglossoides,Greenland halibut (R. hippoglossoides)
Rhinichthys cataractae,Longnose dace,Longnose dace (Rhinichthys cataractae),R. cataractae,Longnose dace (R. cataractae)
Rimicola muscarum,Kelp clingfish,Kelp clingfish (Rimicola muscarum),R. muscarum,Kelp clingfish (R. muscarum)
Ronquilus jordani,Northern ronquil,Northern ronquil (Ronquilus jordani),R. jordani,Northern ronquil (R. jordani)
Salmo salar,Atlantic salmon,Atlantic salmon (Salmo salar),S. salar,Atlantic salmon (S. salar)
Salmo trutta,Brown trout,Brown trout (Salmo trutta),S. trutta,Brown trout (S. trutta)
Salvelinus malma,Dolly Varden,Dolly Varden (Salvelinus malma),S. malma,Dolly Varden (S. malma)
Sardinops sagax,Pacific sardine,Pacific sardine (Sardinops sagax),S. sagax,Pacific sardine (S. sagax)
Scomber japonicus,Chub mackerel,Chub mackerel (Scomber japonicus),S. japonicus,Chub mackerel (S. japonicus)
Scorpaenichthys marmoratus,Cabezon,Cabezon (Scorpaenichthys marmoratus),S. marmoratus,Cabezon (S. marmoratus)
Sebastes auriculatus,Brown rockfish,Brown rockfish (Sebastes auriculatus),S. auriculatus,Brown rockfish (S. auriculatus)
Sebastes maliger,Quillback rockfish,Quillback rockfish (Sebastes maliger),S. maliger,Quillback rockfish (S. maliger)
Sebastes nigrocinctus,Tiger rockfish,Tiger rockfish (Sebastes nigrocinctus),S. nigrocinctus,Tiger rockfish (S. nigrocinctus)
Sebastolobus macrochir,Broadbanded thornyhead,Broadbanded thornyhead (Sebastolobus macrochir),S. macrochir,Broadbanded thornyhead (S. macrochir)
Spirinchus thaleichthys,Longfin smelt,Longfin smelt (Spirinchus thaleichthys),S. thaleichthys,Longfin smelt (S. thaleichthys)
Squalus suckleyi,Pacific spiny dogfish,Pacific spiny dogfish (Squalus suckleyi),S. suckleyi,Pacific spiny dogfish (S. suckleyi)
Stenobrachius leucopsarus,Northern lampfish,Northern lampfish (Stenobrachius leucopsarus),S. leucopsarus,Northern lampfish (S. leucopsarus)
Stenobrachius nannochir,Garnet lanternfish,Garnet lanternfish (Stenobrachius nannochir),S. nannochir,Garnet lanternfish (S. nannochir)
Stichaeus punctatus,Arctic shanny,Arctic shanny (Stichaeus punctatus),S. punctatus,Arctic shanny (S. punctatus)
Synchirus gilli,Manacled sculpin,Manacled sculpin (Synchirus gilli),S. gilli,Manacled sculpin (S. gilli)
Syngnathus leptorhynchus,Bay pipefish,Bay pipefish (Syngnathus leptorhynchus),S. leptorhynchus,Bay pipefish (S. leptorhynchus)
Thaleichthys pacificus,Eulachon,Eulachon (Thaleichthys pacificus),T. pacificus,Eulachon (T. pacificus)
Thunnus orientalis,Pacific bluefin tuna,Pacific bluefin tuna (Thunnus orientalis),T. orientalis,Pacific bluefin tuna (T. orientalis)
Thunnus alalunga,Albacore,Albacore (Thunnus alalunga),T. alalunga,Albacore (T. alalunga)
Trachurus symmetricus,Pacific Jack Mackerel,Pacific Jack Mackerel (Trachurus symmetricus),T. symmetricus,Pacific Jack Mackerel (T. symmetricus)
Trichodon trichodon,Pacific sandfish,Pacific sandfish (Trichodon trichodon),T. trichodon,Pacific sandfish (T. trichodon)
Triglops macellus,Roughspine sculpin,Roughspine sculpin (Triglops macellus),T. macellus,Roughspine sculpin (T. macellus)
Triglops pingelii,Ribbed sculpin,Ribbed sculpin (Triglops pingelii),T. pingelii,Ribbed sculpin (T. pingelii)
Triglops scepticus,Spectacled sculpin,Spectacled sculpin (Triglops scepticus),T. scepticus,Spectacled sculpin (T. scepticus)
Xiphister atropurpureus,Black prickleback,Black prickleback (Xiphister atropurpureus),X. atropurpureus,Black prickleback (X. atropurpureus)
Xiphister mucosus,Rock prickleback,Rock prickleback (Xiphister mucosus),X. mucosus,Rock prickleback (X. mucosus)
Zaprora silenus,Prowfish,Prowfish (Zaprora silenus),Z. silenus,Prowfish (Z. silenus)
Pleuronectidae sp,Flat fish,Flat fish (Pleuronectidae sp),P. sp,Flat fish (P. sp)
Lycodapus parviceps,Smallhead eelpout,Smallhead eelpout (Lycodapus parviceps),L. parviceps,Smallhead eelpout (L. parviceps)
Beringraja sp,Skate,Skate (Beringraja sp),B. sp,Skate (B. sp)
Salvelinus confluentus,Bull trout,Bull trout (Salvelinus confluentus),S. confluentus,Bull trout (S. confluentus)
Lycodes brevipes,Shortfin eelpout,Shortfin eelpout (Lycodes brevipes),L. brevipes,Shortfin eelpout (L. brevipes)
Careproctus simus,Snailfish,Snailfish (Careproctus simus),C. simus,Snailfish (C. simus)
Hexagrammos lagocephalus,Rock greenling,Rock greenling (Hexagrammos lagocephalus),H. lagocephalus,Rock greenling (H. lagocephalus)
Hemilepidotus jordani,yellow Irish lord,yellow Irish lord (Hemilepidotus jordani),H. jordani,yellow Irish lord (H. jordani)
Lumpenella longirostris,Longsnout prickleback,Longsnout prickleback (Lumpenella longirostris),L. longirostris,Longsnout prickleback (L. longirostris)
Phoca largha,Spotted seal,Spotted seal (Phoca largha),P. largha,Spotted seal (P. largha)
Bathyagonus pentacanthus,Bigeye poacher,Bigeye poacher (Bathyagonus pentacanthus),B. pentacanthus,Bigeye poacher (B. pentacanthus)
Dasycottus setiger,Spinyhead sculptin,Spinyhead sculpin (Dasycottus setiger),D. setiger,Spinyhead sculptin (D. setiger)
Icelinus fimbriatus,Fringed sculpin,Fringed sculpin (Icelinus fimbriatus),I. fimbriatus,Fringed sculpin (I. fimbriatus)
Lipariscus nanus,Pygmy snailfish,Pygmy snailfish (Lipariscus nanus),L. nanus,Pygmy snailfish (L. nanus)
Myoxocephalus polyacanthocephalus,Great sculpin,Great sculpin (Myoxocephalus polyacanthocephalus),M. polyacanthocephalus,Great sculpin (M. polyacanthocephalus)
Paraliparis rosaceus,Pink snailfish,Pink snailfish (Paraliparis rosaceus),P. rosaceus,Pink snailfish (P. rosaceus)
Rhinoliparis barbulifer,Longnose snailfish,Longnose snailfish (Rhinoliparis barbulifer),R. barbulifer,Longnose snailfish (R. barbulifer)
Tarletonbeania taylori,North Pacific lanternfish,North Pacific lanternfish (Tarletonbeania taylori),T. taylori,North Pacific lanternfish (T. taylori)
Trichocottus brashnikovi,Hairhead sculpin,Hairhead sculpin (Trichocottus brashnikovi),T. brashnikovi,Hairhead sculpin (T. brashnikovi)
Xeneretmus latifrons,Blacktip poacher,Blacktip poacher (Xeneretmus latifrons),X. latifrons,Blacktip poacher (X. latifrons)
Lagenorhynchus obliquidens,Pacific white-sided dolphin,Pacific white-sided dolphin (Lagenorhynchus obliquidens),L. obliquidens,Pacific white-sided dolphin (L. obliquidens)
Oncorhynchus clarkii,Cutthroat trout,Cutthroat trout (Oncorhynchus clarkii),O. clarkii,Cutthroat trout (O. clarkii)
Balaenoptera musculus,Blue whale,Blue whale (Balaenoptera musculus),B. musculus,Blue whale (B. musculus)
Spirinchus lanceolatus,Shishamo,Shishamo (Spirinchus lanceolatus),S. lanceolatus,Shishamo (S. lanceolatus)
Lycodes polaris,Canadian eelpout,Canadian eelpout (Lycodes polaris),L. polaris,Canadian eelpout (L. polaris)
Myoxocephalus aenaeas,Grubby,Grubby (Myoxocephalus aenaeas),M. aenaeas,Grubby (M. aenaeas)
Tautogolabrus adspersus,Cunner,Cunner (Tautogolabrus adspersus),T. adspersus,Cunner (T. adspersus)
Squalius cephalus,Chub,Chub (Squalius cephalus),S. cephalus,Chub (S. cephalus)
Raja rhina,Longnose skate,Longnose skate (Raja rhina),R. rhina,Longnose skate (R. rhina)
Leuciscus idus,Ide,Ide (Leuciscus idus),L. idus,Ide (L. idus)
Alosa pseudoharengus,Alewife,Alewife (Alosa pseudoharengus),A. pseudoharengus,Alewife (A. pseudoharengus)
Careproctus mederi,Snailfish,Snailfish (Careproctus mederi),C. mederi,Snailfish (C. mederi)
Esox lucius,Northern pike,Northern pike (Esox lucius),E. lucius,Northern pike (E. lucius)
Paracottus knerii,Stone sculpin,Stone sculpin (Paracottus knerii),P. knerii,Stone sculpin (P. knerii)
Gasterosteus nipponicus,Stickleback,Stickleback (Gasterosteus nipponicus),G. nipponicus,Stickleback (G. nipponicus)
Osmerus eperlanus,European smelt,European smelt (Osmerus eperlanus),O. eperlanus,European smelt (O. eperlanus)
Clupea harengus,Atlantic herring,Atlantic herring (Clupea harengus),C. harengus,Atlantic herring (C. harengus)
Squalus acanthias,Spiny dogfish,Spiny dogfish (Squalus acanthias),S. acanthias,Spiny dogfish (S. acanthias)
Batrachocottus baicalensis,Bighead sculpin,Bighead sculpin (Batrachocottus baicalensis),B. baicalensis,Bighead sculpin (B. baicalensis)
Scomber scombrus,Atlantic mackerel,Atlantic mackerel (Scomber scombrus),S. scombrus,Atlantic mackerel (S. scombrus)
